{"cameraMode":{"drawMode":0,"name":"Shaded","section":"Shading Mode"},"sceneLighting":false,"audioPlay":false,"sceneViewState":{"showFog":false,"showMaterialUpdate":false,"showSkybox":false,"showFlares":false,"showImageEffects":false,"showParticleSystems":false,"showVisualEffectGraphs":false},"in2DMode":false,"pivot":{"x":-0.18789102137088777,"y":0.17729198932647706,"z":0.2463570535182953},"rotation":{"x":0.0011914735659956933,"y":-0.9978243112564087,"z":0.06294622272253037,"w":0.01885971426963806},"size":1.3874390125274659,"orthographic":true}