{"cameraMode":{"drawMode":0,"name":"Shaded","section":"Shading Mode"},"sceneLighting":false,"audioPlay":false,"sceneViewState":{"showFog":true,"showMaterialUpdate":false,"showSkybox":false,"showFlares":true,"showImageEffects":true,"showParticleSystems":true},"in2DMode":false,"pivot":{"x":-0.22000065445899964,"y":0.12322252988815308,"z":0.12849485874176026},"rotation":{"x":0.028604350984096528,"y":-0.9273471236228943,"z":0.07248049229383469,"w":0.3659912943840027},"size":1.9747178554534913,"orthographic":true}