{"cameraMode":{"drawMode":0,"name":"Shaded","section":"Shading Mode"},"sceneLighting":false,"audioPlay":false,"sceneViewState":{"showFog":true,"showMaterialUpdate":false,"showSkybox":false,"showFlares":true,"showImageEffects":true,"showParticleSystems":true},"in2DMode":false,"pivot":{"x":0.31000256538391116,"y":1.1397396326065064,"z":0.9752958416938782},"rotation":{"x":0.0014103743014857174,"y":-0.9984164834022522,"z":0.04796085134148598,"w":0.029360096901655198},"size":2.879248857498169,"orthographic":true}