{"cameraMode":{"drawMode":0,"name":"Shaded","section":"Shading Mode"},"sceneLighting":false,"audioPlay":false,"sceneViewState":{"showFog":true,"showMaterialUpdate":false,"showSkybox":false,"showFlares":true,"showImageEffects":true,"showParticleSystems":true,"showVisualEffectGraphs":true},"in2DMode":false,"pivot":{"x":-0.45030540227890017,"y":6.363781929016113,"z":0.43095940351486208},"rotation":{"x":0.017350632697343828,"y":-0.0734226182103157,"z":0.0012748752487823368,"w":0.9971440434455872},"size":7.865372180938721,"orthographic":true}