{"cameraMode":{"drawMode":0,"name":"Shaded","section":"Shading Mode"},"sceneLighting":true,"audioPlay":false,"sceneViewState":{"showFog":false,"showMaterialUpdate":false,"showSkybox":false,"showFlares":false,"showImageEffects":false,"showParticleSystems":false,"showVisualEffectGraphs":false},"in2DMode":false,"pivot":{"x":-0.42135220766067507,"y":-1.1546046733856202,"z":-3.4044244289398195},"rotation":{"x":-0.027309734374284745,"y":0.70210862159729,"z":-0.02697870135307312,"w":-0.7110202312469482},"size":103.34928131103516,"orthographic":true}